{
  "IcoMoonType": "selection",
  "icons": [
    {
      "icon": {
        "paths": [
          "M-1828.571-25819.429h18651.429v30720h-18651.429v-30720z",
          "M-1828.571-25819.429h18651.429v30720h-18651.429v-30720z",
          "M365.714 24.381c-188.709 0-341.333 152.625-341.333 341.333 0 256 341.333 633.905 341.333 633.905s341.333-377.905 341.333-633.905c0-188.709-152.625-341.333-341.333-341.333v0zM365.714 487.619c-67.291 0-121.905-54.613-121.905-121.905s54.613-121.905 121.905-121.905c67.291 0 121.905 54.613 121.905 121.905s-54.613 121.905-121.905 121.905v0z",
          "M-268.191-121.905h1243.429v1243.429h-1243.429v-1243.429z"
        ],
        "attrs": [
          {
            "fill": "rgb(0, 0, 0)"
          },
          {
            "fill": "rgb(255, 255, 255)"
          },
          {
            "fill": "rgb(155, 82, 82)"
          },
          {
            "fill": "rgb(216, 216, 216)"
          }
        ],
        "width": 731,
        "isMulticolor": true,
        "isMulticolor2": false,
        "grid": 0,
        "tags": [
          "ic-place"
        ],
        "colorPermutations": {
          "11558282121621621612552552551": [
            {
              "f": 0
            },
            {
              "f": 3
            },
            {
              "f": 1
            },
            {
              "f": 2
            }
          ]
        }
      },
      "attrs": [
        {
          "fill": "rgb(0, 0, 0)"
        },
        {
          "fill": "rgb(255, 255, 255)"
        },
        {
          "fill": "rgb(155, 82, 82)"
        },
        {
          "fill": "rgb(216, 216, 216)"
        }
      ],
      "properties": {
        "order": 12,
        "id": 4,
        "name": "ic-place",
        "prevSize": 32
      },
      "setIdx": 0,
      "setId": 2,
      "iconIdx": 0
    },
    {
      "icon": {
        "paths": [
          "M-1755.429-28013.714h18651.429v30720h-18651.429v-30720z",
          "M-1755.429-28013.714h18651.429v30720h-18651.429v-30720z",
          "M-195.048-121.905h1243.429v1243.429h-1243.429v-1243.429z"
        ],
        "attrs": [
          {
            "fill": "rgb(0, 0, 0)"
          },
          {
            "fill": "rgb(255, 255, 255)"
          },
          {
            "fill": "rgb(216, 216, 216)"
          }
        ],
        "width": 878,
        "isMulticolor": true,
        "isMulticolor2": false,
        "grid": 0,
        "tags": [
          "ic-today"
        ],
        "colorPermutations": {
          "11558282121621621612552552551": [
            {
              "f": 0
            },
            {
              "f": 3
            },
            {
              "f": 2
            }
          ]
        }
      },
      "attrs": [
        {
          "fill": "rgb(0, 0, 0)"
        },
        {
          "fill": "rgb(255, 255, 255)"
        },
        {
          "fill": "rgb(216, 216, 216)"
        }
      ],
      "properties": {
        "order": 13,
        "id": 3,
        "name": "ic-today",
        "prevSize": 32
      },
      "setIdx": 0,
      "setId": 2,
      "iconIdx": 1
    },
    {
      "icon": {
        "paths": [
          "M512 0c-282.624 0-512 229.376-512 512s229.376 512 512 512c282.624 0 512-229.376 512-512s-229.376-512-512-512v0zM512 153.6c84.992 0 153.6 68.608 153.6 153.6s-68.608 153.6-153.6 153.6c-84.992 0-153.6-68.608-153.6-153.6s68.608-153.6 153.6-153.6v0zM512 880.64c-128 0-241.152-65.536-307.2-164.864 1.536-101.888 204.8-157.696 307.2-157.696 101.888 0 305.664 55.808 307.2 157.696-66.048 99.328-179.2 164.864-307.2 164.864v0z"
        ],
        "attrs": [
          {
            "fill": "rgb(255, 255, 255)"
          }
        ],
        "isMulticolor": false,
        "isMulticolor2": false,
        "grid": 0,
        "tags": [
          "icon"
        ],
        "colorPermutations": {
          "11558282121621621612552552551": [
            {
              "f": 3
            }
          ]
        }
      },
      "attrs": [
        {
          "fill": "rgb(255, 255, 255)"
        }
      ],
      "properties": {
        "order": 14,
        "id": 2,
        "name": "icon",
        "prevSize": 32
      },
      "setIdx": 0,
      "setId": 2,
      "iconIdx": 2
    }
  ],
  "height": 1024,
  "preferences": {
    "showGlyphs": true,
    "showQuickUse": true,
    "showQuickUse2": true,
    "showSVGs": true,
    "fontPref": {
      "prefix": "icon-",
      "metadata": {
        "fontFamily": "icomoon"
      },
      "metrics": {
        "emSize": 1024,
        "baseline": 6.25,
        "whitespace": 50
      },
      "embed": false
    },
    "imagePref": {
      "prefix": "",
      "png": false,
      "useClassSelector": true,
      "color": 0,
      "bgColor": 16777215,
      "classSelector": ".icon",
      "name": "showroom",
      "height": 32,
      "columns": 16,
      "margin": 16
    },
    "historySize": 50,
    "showCodes": true,
    "gridSize": 16
  }
}